price,name,desc
,,
,,
,,
,,
,,
,,
,,
,,
,,
,,
,,
,,
,,
,,
,,
,,
,,
,,
,,
,,
,,
,,
,,
,,
,,
,,
,,
,,
,,
,,
,,
,,
,,
,,
,,
,,
,,
,,
,,
price,name,desc
"<span class=""price right right10"">€ 529,-<sup>*</sup></span>,<span class=""price right right10"">€ 289,-<sup>*</sup></span>,<span class=""price right right10"">€ 419,-<sup>*</sup></span>,<span class=""price right right10"">€ 479,-<sup>*</sup></span>,<span class=""price right right10"">€ 289,-<sup>*</sup></span>,<span class=""price right right10"">€ 429,-<sup>*</sup></span>,<span class=""price right right10"">€ 279,<sup>90*</sup></span>,<span class=""price right right10"">€ 57,<sup>90*</sup></span>,<span class=""price right right10"">€ 284,-<sup>*</sup></span>,<span class=""price right right10"">€ 364,-<sup>*</sup></span>,<span class=""price right right10"">€ 54,<sup>90*</sup></span>,<span class=""price right right10"">€ 54,<sup>90*</sup></span>,<span class=""price right right10"">€ 69,<sup>90*</sup></span>,<span class=""price right right10"">€ 66,<sup>90*</sup></span>,<span class=""price right right10"">€ 71,<sup>90*</sup></span>,<span class=""price right right10"">€ 63,<sup>90*</sup></span>,<span class=""price right right10"">€ 64,<sup>90*</sup></span>,<span class=""price right right10"">€ 58,<sup>90*</sup></span>,<span class=""price right right10"">€ 61,<sup>90*</sup></span>,<span class=""price right right10"">€ 76,<sup>90*</sup></span>,<span class=""price right right10"">€ 179,<sup>90*</sup></span>,<span class=""price right right10"">€ 199,-<sup>*</sup></span>,<span class=""price right right10"">€ 149,<sup>90*</sup></span>,<span class=""price right right10"">€ 289,-<sup>*</sup></span>,<span class=""price right right10"">€ 217,<sup>90*</sup></span>,<span class=""price right right10"">€ 87,<sup>90*</sup></span>,<span class=""price right right10"">€ 98,<sup>90*</sup></span>,<span class=""price right right10"">€ 119,<sup>90*</sup></span>,<span class=""price right right10"">€ 104,<sup>90*</sup></span>,<span class=""price right right10"">€ 124,<sup>90*</sup></span>,<span class=""price right right10"">€ 192,<sup>90*</sup></span>,<span class=""price right right10"">€ 137,<sup>90*</sup></span>,<span class=""price right right10"">€ 212,<sup>90*</sup></span>,<span class=""price right right10"">€ 142,<sup>90*</sup></span>,<span class=""price right right10"">€ 44,<sup>99*</sup></span>,<span class=""price right right10"">€ 56,<sup>90*</sup></span>,<span class=""price right right10"">€ 42,<sup>49*</sup></span>,<span class=""price right right10"">€ 48,<sup>49*</sup></span>,<span class=""price right right10"">€ 46,<sup>49*</sup></span>,<span class=""price right right10"">€ 63,<sup>90*</sup></span>","ALTERNATE Upgrade Kit ASUS MAXIMUS VI HERO / i7 4770K / 8GB Moederbord, CPU, Geheugen, Kit,ALTERNATE Upgrade Kit GigaByte GA-B75M-D3V / i5-3470 / 8GB Moederbord, CPU, Geheugen, Kit,ALTERNATE Upgrade Kit Gigabyte GA-Z87X-UD3H/ i5-4670K/ 8GB Moederbord, CPU, Geheugen,ALTERNATE Upgrade Kit MSI Z87-G45 Gaming / i7 4770K / 8GB Moederbord, CPU, Geheugen, Kit,ALTERNATE Upgrade Kit ASRock Q87M vPro / i3-4160 / 8 GB Moederbord, CPU, Geheugen,ALTERNATE Upgrade Kit ASUS MAXIMUS VII RANGER /i5 4670K/ 8GB Moederbord, CPU, Geheugen,ALTERNATE Upgrade Kit GIGABYTE GA-B85M-HD3 / i5-4460 / 8 GB Moederbord, CPU, Geheugen,ASRock AD2550B-ITX, moederbord CPU, LAN, VGA, Sound, Mini-ITX,ASRock C2550D4I, moederbord CPU, RAID, Gb-LAN, VGA, Mini-ITX,ASRock C2750D4I, moederbord CPU, Gb-LAN, VGA, Mini-ITX,ASRock D1800B-ITX, moederbord CPU, Gb-LAN, Sound, Mini-ITX,ASRock D1800M, moederbord CPU, Gb-LAN, Sound, µATX,ASRock Q1900B-ITX, moederbord CPU, Gb-LAN, Sound, Mini-ITX,ASRock Q1900M, moederbord CPU, Gb-LAN, Sound, µATX,ASRock B85 Pro4, socket 1150 moederbord Gb-LAN,  Sound, ATX, Retail,ASRock B85M Pro4, socket 1150 moederbord Gb-LAN, Sound, µATX, Retail,ASRock B85M, socket 1150 moederbord Gb-LAN, Sound, µATX, Retail,ASRock B85M-GL, socket 1150 moederbord Gb-LAN, Sound, µATX, Retail,ASRock B85M-HDS, socket 1150 moederbord Gb-LAN, Sound, µATX, Retail,ASRock B85M-ITX, socket 1150 moederbord Gb-LAN, Sound, Mini-ITX, Retail,ASRock C226 WS, socket 1150 moederbord RAID, Gb-LAN, Sound, ATX,ASRock E3C224-4L, socket 1150 moederbord RAID, Gb-LAN, AST2300, ATX,ASRock E3C224-V+, socket 1150 moederbord RAID, Gb-LAN, VGA, ATX,ASRock E3C224D4I-14S, socket 1150 moederbord RAID, Gb-LAN, Mini-ITX,ASRock E3C226D2I, socket 1150 moederbord RAID, Gb-LAN, VGA, Mini-ITX,ASRock Fatal1ty B85 Killer, socket 1150 moederbord Gb-LAN, Sound, ATX,ASRock Fatal1ty H87 Performance, socket 1150 moederbord RAID, Gb-LAN, Sound, ATX, Retail,ASRock Fatal1ty H97 Killer, socket 1150 moederbord RAID, Gb-LAN, Sound, ATX,ASRock Fatal1ty H97 Performance, socket 1150 moederbord RAID, Gb-LAN, Sound, ATX,ASRock Fatal1ty Z87 Killer, socket 1150 moederbord RAID, Gb-LAN, Sound, ATX,ASRock Fatal1ty Z87 Professional, socket 1150 moederbord RAID, Gb-LAN, Sound, ATX, Retail,ASRock Fatal1ty Z97 Killer, socket 1150 moederbord RAID, Gb-LAN, Sound, ATX,ASRock Fatal1ty Z97 Professional, socket 1150 moederbord RAID, Gb-LAN, Sound, ATX,ASRock Fatal1ty Z97X Killer, socket 1150 moederbord RAID, Gb-LAN, Sound, ATX,ASRock H81 Pro BTC, socket 1150 moederbord Gb-LAN, Sound, ATX,ASRock H81M, socket 1150 moederbord Gb-LAN, Sound, µATX,ASRock H81M-DGS, socket 1150 moederbord Gb-LAN, Sound, µATX,ASRock H81M-GL, socket 1150 moederbord Gb-LAN, Sound, µATX,ASRock H81M-HDS, socket 1150 moederbord Gb-LAN, Sound, µATX,ASRock H81M-ITX, socket 1150 moederbord Gb-LAN, Sound, Mini ITX","<span class=""info"">
          ATX 
        </span>,<span class=""info"">
          onboard, 3x PCIe x16, CrossFireX, SLI 
        </span>,<span class=""info"">
          1150 
        </span>,<span class=""info"">
          µATX 
        </span>,<span class=""info"">
          onboard, 1x PCIe x16 
        </span>,<span class=""info"">
          1155 
        </span>,<span class=""info"">
          ATX 
        </span>,<span class=""info"">
          onboard, 3x PCIe x16, CrossFireX, SLI 
        </span>,<span class=""info"">
          1150 
        </span>,<span class=""info"">
          ATX 
        </span>,<span class=""info"">
          onboard, 3x PCIe x16, CrossFireX, SLI 
        </span>,<span class=""info"">
          1150 
        </span>,<span class=""info"">
          µATX 
        </span>,<span class=""info"">
          onboard, 1x PCIe x16 
        </span>,<span class=""info"">
          1150 
        </span>,<span class=""info"">
          ATX 
        </span>,<span class=""info"">
          onboard, 3x PCIe x16, CrossFireX, SLI 
        </span>,<span class=""info"">
          1150 
        </span>,<span class=""info"">
          µATX 
        </span>,<span class=""info"">
          onboard, 1x PCIe x16 
        </span>,<span class=""info"">
          1150 
        </span>,<span class=""info"">
          Mini ITX 
        </span>,<span class=""info"">
          onboard 
        </span>,<span class=""info"">
          integrated 
        </span>,<span class=""info"">
          Mini ITX 
        </span>,<span class=""info"">
          onboard 
        </span>,<span class=""info"">
          integrated 
        </span>,<span class=""info"">
          Mini ITX 
        </span>,<span class=""info"">
          onboard 
        </span>,<span class=""info"">
          integrated 
        </span>,<span class=""info"">
          Mini ITX 
        </span>,<span class=""info"">
          onboard 
        </span>,<span class=""info"">
          integrated 
        </span>,<span class=""info"">
          µATX 
        </span>,<span class=""info"">
          onboard, 1x PCIe x16 
        </span>,<span class=""info"">
          integrated 
        </span>,<span class=""info"">
          Mini ITX 
        </span>,<span class=""info"">
          onboard 
        </span>,<span class=""info"">
          integrated 
        </span>,<span class=""info"">
          µATX 
        </span>,<span class=""info"">
          onboard, 1x PCIe x16 
        </span>,<span class=""info"">
          integrated 
        </span>,<span class=""info"">
          ATX 
        </span>,<span class=""info"">
          onboard, 2x PCIe x16, CrossFireX 
        </span>,<span class=""info"">
          1150 
        </span>,<span class=""info"">
          µATX 
        </span>,<span class=""info"">
          onboard, 2x PCIe x16, CrossFireX 
        </span>,<span class=""info"">
          1150 
        </span>,<span class=""info"">
          µATX 
        </span>,<span class=""info"">
          onboard, 2x PCIe x16, CrossFireX 
        </span>,<span class=""info"">
          1150 
        </span>,<span class=""info"">
          µATX 
        </span>,<span class=""info"">
          onboard, 1x PCIe x16 
        </span>,<span class=""info"">
          1150 
        </span>,<span class=""info"">
          µATX 
        </span>,<span class=""info"">
          onboard, 1x PCIe x16 
        </span>,<span class=""info"">
          1150 
        </span>,<span class=""info"">
          Mini ITX 
        </span>,<span class=""info"">
          onboard, 1x PCIe x16 
        </span>,<span class=""info"">
          1150 
        </span>,<span class=""info"">
          ATX 
        </span>,<span class=""info"">
          onboard, 3x PCIe x16, CrossFireX 
        </span>,<span class=""info"">
          1150 
        </span>,<span class=""info"">
          ATX 
        </span>,<span class=""info"">
          onboard, 2x PCIe x16 
        </span>,<span class=""info"">
          1150 
        </span>,<span class=""info"">
          ATX 
        </span>,<span class=""info"">
          onboard 
        </span>,<span class=""info"">
          1150 
        </span>,<span class=""info"">
          Mini ITX 
        </span>,<span class=""info"">
          onboard, 1x PCIe x16 
        </span>,<span class=""info"">
          1150 
        </span>,<span class=""info"">
          Mini ITX 
        </span>,<span class=""info"">
          onboard 
        </span>,<span class=""info"">
          1150 
        </span>,<span class=""info"">
          ATX 
        </span>,<span class=""info"">
          onboard, 2x PCIe x16, CrossFireX 
        </span>,<span class=""info"">
          1150 
        </span>,<span class=""info"">
          ATX 
        </span>,<span class=""info"">
          onboard, 2x PCIe x16, CrossFireX 
        </span>,<span class=""info"">
          1150 
        </span>,<span class=""info"">
          ATX 
        </span>,<span class=""info"">
          onboard, 2x PCIe x16, CrossFireX 
        </span>,<span class=""info"">
          1150 
        </span>,<span class=""info"">
          ATX 
        </span>,<span class=""info"">
          onboard, 2x PCIe x16, CrossFireX 
        </span>,<span class=""info"">
          1150 
        </span>,<span class=""info"">
          ATX 
        </span>,<span class=""info"">
          onboard, 3x PCIe x16, CrossFireX, SLI 
        </span>,<span class=""info"">
          1150 
        </span>,<span class=""info"">
          ATX 
        </span>,<span class=""info"">
          onboard, 3x PCIe x16, CrossFireX, SLI 
        </span>,<span class=""info"">
          1150 
        </span>,<span class=""info"">
          ATX 
        </span>,<span class=""info"">
          onboard, 2x PCIe x16, CrossFireX 
        </span>,<span class=""info"">
          1150 
        </span>,<span class=""info"">
          ATX 
        </span>,<span class=""info"">
          onboard, 4x PCIe x16, CrossFireX, SLI 
        </span>,<span class=""info"">
          1150 
        </span>,<span class=""info"">
          ATX 
        </span>,<span class=""info"">
          onboard, 3x PCIe x16, CrossFireX, SLI 
        </span>,<span class=""info"">
          1150 
        </span>,<span class=""info"">
          ATX 
        </span>,<span class=""info"">
          onboard, 1x PCIe x16 
        </span>,<span class=""info"">
          1150 
        </span>,<span class=""info"">
          µATX 
        </span>,<span class=""info"">
          onboard, 2x PCIe x16, CrossFireX 
        </span>,<span class=""info"">
          1150 
        </span>,<span class=""info"">
          µATX 
        </span>,<span class=""info"">
          onboard, 1x PCIe x16 
        </span>,<span class=""info"">
          1150 
        </span>,<span class=""info"">
          µATX 
        </span>,<span class=""info"">
          onboard, 1x PCIe x16 
        </span>,<span class=""info"">
          1150 
        </span>,<span class=""info"">
          µATX 
        </span>,<span class=""info"">
          onboard, 1x PCIe x16 
        </span>,<span class=""info"">
          1150 
        </span>,<span class=""info"">
          Mini ITX 
        </span>,<span class=""info"">
          onboard, 1x PCIe x16 
        </span>,<span class=""info"">
          1150 
        </span>"
